LABEL,DESCRIPTION
will + chatGPT + replace + Google + Search,"By now, you’ve probably seen dozens of examples of ChatGPT, using the GPT (Generative Pre-training Transformer) deep learning system. The current models are genuinely impressive, so what does all of this have to do with Google Search and our jobs as search ma…"
will + chatGPT + replace + Google + Search,"This post is not about the health of Google search as a product, or about the implications of improving AI products for your SEO strategy right now. (Although, I know of at least one post for this blog being written on that topic!) Instead, this post is about…"
will + chatGPT + replace + Google + Search,"We’re back with another SEO recap with Tom Capper! As you’ve probably noticed, ChatGPT has taken the search world by storm. But does GPT-3 mean the end of SEO as we know it, or are there ways to incorporate the AI model into our daily work?"
will + chatGPT + replace + Google + Search,"Whether augmenting Google searches to give better information or completely replacing it with a new app, try these awesome new search engines."
will + chatGPT + replace + Google + Search,"ChatGPT is making waves as a chatbot that can answer queries in conversational form, so I put it to the test for searches related to movies and TV."
will + chatGPT + replace + Google + Search,"Google is in panic mode after the emergence of the popular ChatGPT artificial intelligence (AI) tool that gives us a look at what the feature …
The post Google founders return as ChatGPT threatens Search business appeared first on BGR."
will + chatGPT + replace + Google + Search,"Automation and AI promise to revolutionize the way many people work, but don’t worry – you’re still going to be needed for a long time.
The post Will ChatGPT Take Your Job? appeared first on Search Engine Journal."
will + chatGPT + replace + Google + Search,"Unleashed upon the world late last year, ChatGPT is a viral sensation. The chatbot can offer answers to questions, write computer code, and pass law …
The post Google is testing Apprentice Bard, a new Search page with AI features like ChatGPT appeared first o…"
will + chatGPT + replace + Google + Search,"The philosopher Harry Frankfurt defined bullshit as speech that is intended to persuade without regard for the truth. By this measure, OpenAI’s new chatbot ChatGPT is the greatest bullshitter ever. Large Language Models (LLMs) are trained to produce"
will + chatGPT + replace + Google + Search,The tech giant is rolling out its own AI-powered version of Bing.
will + chatGPT + replace + Google + Search,"It can be challenging to write compelling content. From favorite tools to recommended books and SEO recommendations, here are 17 industry experts' advice.
The post 8 Content Writing Tips From Experts In 2023 appeared first on Search Engine Journal."
will + chatGPT + replace + Google + Search,A chatbot that can answer questions and write essays (almost) like a human will soon be a click away for tens of thousands of developers and data scientists using Microsoft Azure’s portfolio of artificial intelligence (AI) services.Read more...
will + chatGPT + replace + Google + Search,"In response to ChatGPT and others, Google is planning to add direct answers to Search. A new report details one possible design for a chatbot in Search as Google ramps up internal testing.
 more…
The post Report: What Google Search with direct chatbot answers…"
will + chatGPT + replace + Google + Search,"Reports say that Microsoft could integrate AI within Bing as early as this year, and Google is also working on AI endeavors. But it you want to see what the future of AI-powered search engines are, right now, you need to try out You.com.




What you need to…"
will + chatGPT + replace + Google + Search,Wondering if human writers can still compete with AI? Here are some ways skilled content writers can surpass AI writing tools and elevate their craft.
will + chatGPT + replace + Google + Search,"Earlier this week we reported that ChatGPT is expected to have some kind of a launch on Bing, and indeed late Friday some sharp eyed Bing users spotted what"
will + chatGPT + replace + Google + Search,"In a rare interview, OpenAI’s CEO talks about AI model ChatGPT, artificial general intelligence and Google Search."
will + chatGPT + replace + Google + Search,"It's cool, but there are a lot of misconceptions about what it can and cannot do at the moment."
will + chatGPT + replace + Google + Search,Google remains too cheap with the large EPS potential on the profit boost from efficiency gains. See why we recommend a buy for GOOG stock.
will + chatGPT + replace + Google + Search,"Artificial intelligence allows machines to perform tasks that require human input quickly and more efficiently. We look at how AI is disrupting the tech industry right now, with major companies pouring billions of dollars into AI research."
will + chatGPT + replace + Google + Search,"Will ChatGPT and applications like it transform medicine? If we want it to.
The post ChatGPT as a Medical Expert System first appeared on Science-Based Medicine."
will + chatGPT + replace + Google + Search,These stocks could be huge winners for patient investors.
will + chatGPT + replace + Google + Search,"SEOpinions is a quarterly newsletter by Brainlabs to cut through the cruft, inform you of important SEO updates, and predict upcoming changes so you can prioritize your SEO roadmap accordingly. Read the last edition here.  2023: The Year Pandora’s Box Opened …"
will + chatGPT + replace + Google + Search,What can Napster tell us about the future?
will + chatGPT + replace + Google + Search,"As speculation mounts that ChatGPT might replace Google Search, Tristan Greene cuts through the hype arguing ChatGPT at present cannot replicate Google’s search function – “Saying ChatGPT will replace search is like saying podcasts will replace universities. …"
will + chatGPT + replace + Google + Search,"Photo Illustration by Luis G. Rendon/The Daily Beast/Getty
So you’re probably freaking out about ChatGPT—which is understandable.Since its release last year from artificial intelligence lab OpenAI, it’s created a firestorm of discourse about how these large …"
will + chatGPT + replace + Google + Search,"I decided to try a combination of tools to see if the AI-assisted work product would outperform my purely original work. Unsurprisingly, the work done in partnership with my AI-coworker outperformed work I did alone. – Shelly Palmer"
will + chatGPT + replace + Google + Search,"Google is testing chatbots similar to ChatGPT that use its LaMDA technology, as well as new search page designs that integrate the technology."
will + chatGPT + replace + Google + Search,"Sam Altman, the CEO of ChatGPT creator OpenAI, recently spoke to Forbes in an interview about the future of AI and the development of ChatGPT which Altman hopes could one day ""break capitalism."""
will + chatGPT + replace + Google + Search,"The recent introduction of ChatGPT and AI to the marketing mainstream has been exciting, scary, and certainly impactful. It’s become clear in a very short period of time that the future of AI will completely change how we do business. Those changes are alread…"
will + chatGPT + replace + Google + Search,"Popular online tech news outlet CNET has published over six dozen articles generated by an AI engine, raising questions about the road ahead."
will + chatGPT + replace + Google + Search,"""Any automation of the skills taught in our MBA programs could potentially reduce the value of an MBA education.”"
will + chatGPT + replace + Google + Search,"According to reports from CNBC, ChatGPT can pass the interview of Google’s young software developers based on tests done internally by the search engine giant. ...
The post ChatGPT passed the Google L3 engineer entry test appeared first on Gizchina.com."
will + chatGPT + replace + Google + Search,"Microsoft has announced a ""multibillion-dollar"" investment in OpenAI, the artificial intelligence firm behind the wildly popular ChatGPT service and other projects like DALL-E and GPT-3. The reveal comes hot on the heels of massive layoffs that affected almos…"
will + chatGPT + replace + Google + Search,"Will ChatGPT change the world as we know it? Find out exactly what it is and what it means for the future of business, schooling and more.
Continue reading..."
will + chatGPT + replace + Google + Search,Monumental risks of ‘epoch-defining technology’ mean even those building it are preparing for the worst
will + chatGPT + replace + Google + Search,"The latest threat to higher education, if you believe the hype, is ChatGPT, an AI-powered chatbot from Silicon Valley startup OpenAI."
will + chatGPT + replace + Google + Search,"Artificial intelligence is impacting medicine, finance and many other industries. Here’s what you need to know about AI and how it may affect your life."
will + chatGPT + replace + Google + Search,The internet search giant may be hesitant to wield in the AI arms race many of the weapons at its disposal
will + chatGPT + replace + Google + Search,"Kenyan workers were tasked with labelling content from ‘darkest recesses of the internet’, TIME reports"
will + chatGPT + replace + Google + Search,This artificial intelligence bot can answer questions and write essays and program computers. Now you can pay to use it.
will + chatGPT + replace + Google + Search,"One of my favorite expressions is a ""sea change"" moment. Even Miriam Webster's entry for sea change is highly evocative: ""Archaic. A change brought about by the sea."" You can imagine a time in the past when the ocean represented the ultimate unknown. To watch…"
will + chatGPT + replace + Google + Search,"The next-level artificial intelligence capabilities of ChatGPT, a chat bot released in late November by the research company OpenAI, have inspired many predictions, both drastic and ecstatic, for the end of essay writing, if not education as we know it. While…"
will + chatGPT + replace + Google + Search,"CNET told staff it would halt the publication of articles generated via artificial intelligence, in a Friday call, according to...
The post CNET Pauses AI-Written Articles to Let Backlash Die Down appeared first on Gizmodo Australia.

  Related Stories
<ul><…"
will + chatGPT + replace + Google + Search,"The suit seeks to make Google get rid of its Google Ad Manager suite, which includes a publisher ad server, Doubleclick for Publishers, and the ad exchange, AdX."
will + chatGPT + replace + Google + Search,"So ChatGPT has been everywhere lately, and there is a lot of conversation about it in education. This is a good thing. You might also notice that many “experts” on AI are emerging, but no one can truly know the full potential of what AI will bring to our worl…"
will + chatGPT + replace + Google + Search,"While schools are banning ChatGPT, Australian workplaces are already deploying it and other new artificial intelligence (AI) tools. Here's how they're using them."
will + chatGPT + replace + Google + Search,"Google looks set to unveil how it plans to rival the wildly successful ChatGPT AI, possibly within days."
will + chatGPT + replace + Google + Search,"We’re at the very front end of changes that will forever alter almost every aspect of our lives, according to trainer Bernice Ross. While AI isn’t likely to replace agents any time soon, those who fail to embrace these powerful tools will lose significant mar…"