,title,score,id,url,comms_num,created,body
0,Will ChatGPT replace Google Search Engine and StackOverFlow?,1,zkyeyh,https://www.reddit.com/r/ChatGPT/comments/zkyeyh/will_chatgpt_replace_google_search_engine_and/,0,1670945256.0,"Well, it certainly thinks it is superior to Google but it's not quite there yet when it comes to StackOverflow. 

https://preview.redd.it/92rwheakoo5a1.png?width=1594&format=png&auto=webp&v=enabled&s=10ed40815d702dcc16551da2cc6ce3381fd25910

https://preview.redd.it/8jpmz4akoo5a1.png?width=1648&format=png&auto=webp&v=enabled&s=3de9ba435f1ae23f7528ad1c12437e6d961eff21"
1,"I Wish ChatGPT would stay free forever, and just replace Google",61,zztvin,https://www.reddit.com/r/ChatGPT/comments/zztvin/i_wish_chatgpt_would_stay_free_forever_and_just/,51,1672492463.0,"I Wish ChatGPT would stay free forever, and just replace Google, and make their money from ads and premium services."
2,Negatives of adopting something like ChatGPT to replace Google,2,108m9dd,https://www.reddit.com/r/ChatGPT/comments/108m9dd/negatives_of_adopting_something_like_chatgpt_to/,16,1673387736.0,"ChatGPT and anything like it are amazing tools, but should we allow it to take over services such as Google? In the current format, I would argue no. Short reason, bias of only receiving a singular answer which can be problematic with certain questions."
3,Will AI such as ChatGPT replace teachers?,13,10uooj7,https://www.reddit.com/r/ChatGPT/comments/10uooj7/will_ai_such_as_chatgpt_replace_teachers/,109,1675633977.0,"So a very respected professor came to me today and claimed that AI will replace teachers. Of course, I laughed it out. I believe that there is no way that an AI will replace the human side of mentorship, teacher-student social relationships, and many other advantages that come with the humanness of the experience. The Professor was, however, so convinced that the children of the future will be taught by bots. He was ready to debate me on this matter and that is why I am here. Do you guys think AI can replace human teachers?"
4,And people think ChatGPT can replace Google Search. Hell no.,0,zzc05s,https://www.reddit.com/r/ChatGPT/comments/zzc05s/and_people_think_chatgpt_can_replace_google/,22,1672435557.0,"The correct answer would be Daniel Pasarella.

https://preview.redd.it/i5etx7qvr39a1.png?width=1560&format=png&auto=webp&v=enabled&s=fd4faeba56b0de0675c17406fd6cafb6490d977e"
